{
  "0": {
    "precision": 0.6734348561759729,
    "recall": 0.39879759519038077,
    "f1-score": 0.500943989930774,
    "support": 998.0
  },
  "4": {
    "precision": 0.57416607523066,
    "recall": 0.8073852295409182,
    "f1-score": 0.6710908336789714,
    "support": 1002.0
  },
  "accuracy": 0.6035,
  "macro avg": {
    "precision": 0.6238004657033165,
    "recall": 0.6030914123656494,
    "f1-score": 0.5860174118048727,
    "support": 2000.0
  },
  "weighted avg": {
    "precision": 0.6237011969223711,
    "recall": 0.6035,
    "f1-score": 0.5861875586486209,
    "support": 2000.0
  }
}